a,b,original_margin,overlay_margin,change,ci_low,ci_high
colbert,mono-t5-3b,-0.03182796973199447,-0.04753944273927011,-0.01571147300727563,-0.045003957838604065,0.011836286289574734
colbert,mono-t5-base,-0.019508657111023134,-0.022719054463983326,-0.0032103973529601917,-0.03268905881512671,0.024711309288167685
colbert,rank-zephyr,-0.02222280491075276,-0.04849760183203702,-0.026274796921284243,-0.056148702253810565,0.004340242733438131
colbert,sparse-cross-encoder,-0.013103186847768789,-0.010450804607711991,0.0026523822400568004,-0.017959519197023363,0.023444006940568838
colbert,splade,-0.0312818153663803,-0.03607861153580135,-0.004796796169421045,-0.02434335407041949,0.014401470810469396
mono-t5-3b,mono-t5-base,0.01231931262097134,0.02482038827528678,0.012501075654315442,-0.004756367254966589,0.029939179266374273
mono-t5-3b,rank-zephyr,0.00960516482124172,-0.0009581590927668948,-0.010563323914008613,-0.03715683115519016,0.017770443731651552
mono-t5-3b,sparse-cross-encoder,0.018724782884225688,0.03708863813155811,0.018363855247332434,-0.005445535986041602,0.04409243292116571
mono-t5-3b,splade,0.000546154365614167,0.011460831203468753,0.010914676837854586,-0.014780903772260335,0.037277880116737376
mono-t5-base,rank-zephyr,-0.002714147799729623,-0.025778547368053677,-0.023064399568324054,-0.04988988136957295,0.004713528673301001
mono-t5-base,sparse-cross-encoder,0.006405470263254345,0.012268249856271337,0.005862779593016992,-0.015519599414918032,0.028882663940403834
mono-t5-base,splade,-0.011773158255357175,-0.013359557071818027,-0.0015863988164608552,-0.027122253698584703,0.025832939491684765
rank-zephyr,sparse-cross-encoder,0.009119618062983968,0.03804679722432501,0.028927179161341042,0.006454869004752835,0.05183280601354982
rank-zephyr,splade,-0.009059010455627549,0.012418990296235648,0.021478000751863197,-0.0028354500781818883,0.048013441801385844
sparse-cross-encoder,splade,-0.01817862851861152,-0.025627806928089362,-0.007449178409477846,-0.02817356581193195,0.013821451349242795
