population,statistic,estimate,ci_low,ci_high
frame_2091,AP10_old|S1,0.2640797135626307,0.23780316650533442,0.29147576086365834
frame_2091,AP10_new|S1,0.19994920860545362,0.17651744726039936,0.22350836438179703
frame_2091,AP10_delta|S1,-0.06413050495717712,-0.08224687228718963,-0.047975647729052336
frame_2091,AP10_old|S1 reranked,0.3068508499455187,0.2795112105000107,0.33569488111035223
frame_2091,AP10_new|S1 reranked,0.222588167907934,0.1979624733956467,0.24712432913241153
frame_2091,AP10_delta|S1 reranked,-0.08426268203758468,-0.10491733565962376,-0.06586975340836346
frame_2091,AP10_old|S2,0.2420151833693429,0.2185607071779822,0.26685055723338164
frame_2091,AP10_new|S2,0.17852156377456133,0.15715106299120662,0.19964977280992988
frame_2091,AP10_delta|S2,-0.06349361959478157,-0.08094065435876599,-0.04798099143432861
frame_2091,AP10_old|MetaCLIP2 Combined,0.14648740541082436,0.1274784618775802,0.1667710647689103
frame_2091,AP10_new|MetaCLIP2 Combined,0.10413057853373207,0.08876223825528937,0.12060928679741405
frame_2091,AP10_delta|MetaCLIP2 Combined,-0.0423568268770923,-0.05540154343183107,-0.030638691031837667
frame_2091,AP10_old|MetaCLIP2 Image-only,0.06639445254163093,0.054293461064185325,0.07937168741343782
frame_2091,AP10_new|MetaCLIP2 Image-only,0.0505454277465277,0.03983282202828168,0.06208762394275547
frame_2091,AP10_delta|MetaCLIP2 Image-only,-0.015849024795103236,-0.021683045538061933,-0.010878241647099047
frame_2091,AP10_old|MetaCLIP2 Text-only,0.10348072908778086,0.08534303641600882,0.12235992591363355
frame_2091,AP10_new|MetaCLIP2 Text-only,0.07061646760480765,0.05771804455194277,0.08425768712518088
frame_2091,AP10_delta|MetaCLIP2 Text-only,-0.0328642614829732,-0.0446548415643989,-0.022266021410502573
frame_2091,AP10_old|MetaCLIP2 SLERP,0.145635166517676,0.12734343430678427,0.16515621362632021
frame_2091,AP10_new|MetaCLIP2 SLERP,0.10377160017876466,0.08894022711816216,0.11958999164522577
frame_2091,AP10_delta|MetaCLIP2 SLERP,-0.04186356633891134,-0.05470553753649313,-0.030437863575876502
frame_2091,adv_old,0.042771136382887966,0.02395732228839071,0.06122058350039622
frame_2091,rel_old,0.1619629762766465,0.08767771494310507,0.2418847948708394
frame_2091,adv_new,0.022638959302480402,0.006543417074459674,0.038104218974047546
frame_2091,rel_new,0.11322355042250927,0.03155103643361658,0.2000670286784327
frame_2091,adv_change,-0.020132177080407564,-0.031183379741812896,-0.010040602912169976
frame_2091,rel_change,-0.04873942585413722,-0.09680418354333606,-0.0024462148141528883
frame_2091,adv_expected_if_proportional,0.03238436892989933,0.018171481159437175,0.04641368903698704
frame_2091,deviation_from_proportional,-0.009745409627418926,-0.019286274025912865,-0.00048002390584258995
wider_all,AP10_old|S1,0.24275022698099624,0.22528366548135437,0.26082435365580753
wider_all,AP10_new|S1,0.1574491192093756,0.14311657309539935,0.1718289068938576
wider_all,AP10_delta|S1,-0.08530110777162062,-0.09820997571757,-0.0735303725708598
wider_all,AP10_old|S1 reranked,0.2943969145492955,0.27664410785938753,0.3138479527428971
wider_all,AP10_new|S1 reranked,0.18383467550289892,0.16876007758847233,0.19939864623855433
wider_all,AP10_delta|S1 reranked,-0.11056223904639657,-0.12502772584917526,-0.09701127104220662
wider_all,AP10_old|S2,0.221197962388988,0.205746933907875,0.23776951067605723
wider_all,AP10_new|S2,0.14430594831840252,0.13137816808122854,0.15702742443269097
wider_all,AP10_delta|S2,-0.07689201407058548,-0.0883840576424891,-0.06628077888465611
wider_all,AP10_old|MetaCLIP2 Combined,0.15472797240745959,0.1418966004023532,0.16779035837641257
wider_all,AP10_new|MetaCLIP2 Combined,0.09553648013226768,0.08539526112904429,0.10580260135537828
wider_all,AP10_delta|MetaCLIP2 Combined,-0.05919149227519192,-0.06836089343116887,-0.05055585071739678
wider_all,AP10_old|MetaCLIP2 Image-only,0.08143654148049752,0.07213646277168125,0.09128467615045296
wider_all,AP10_new|MetaCLIP2 Image-only,0.051692974546820696,0.044215611517932206,0.05943108250523191
wider_all,AP10_delta|MetaCLIP2 Image-only,-0.029743566933676822,-0.03553501480832356,-0.024629741342044813
wider_all,AP10_old|MetaCLIP2 Text-only,0.1079532072526578,0.09633043202022068,0.12023644037119534
wider_all,AP10_new|MetaCLIP2 Text-only,0.06458805289812616,0.05633323687078121,0.07349684821446667
wider_all,AP10_delta|MetaCLIP2 Text-only,-0.04336515435453164,-0.051869087119201934,-0.035354980516007946
wider_all,AP10_old|MetaCLIP2 SLERP,0.1553347613755123,0.14292134922266683,0.16801449994779605
wider_all,AP10_new|MetaCLIP2 SLERP,0.09576835150672147,0.08583192247542323,0.1057250748771711
wider_all,AP10_delta|MetaCLIP2 SLERP,-0.05956640986879083,-0.06849377508614328,-0.05118319177675426
wider_all,adv_old,0.051646687568299265,0.03921723056697656,0.06466349710706427
wider_all,rel_old,0.21275649547525424,0.15780450733234427,0.27312765569306263
wider_all,adv_new,0.026385556293523314,0.016979695630326842,0.03643410579023283
wider_all,rel_new,0.1675814791852588,0.10516733551297622,0.23897256071587428
wider_all,adv_change,-0.02526113127477595,-0.03346030124598386,-0.01752521794247637
wider_all,rel_change,-0.04517501628999543,-0.08727978547693785,-0.0036089716166253193
wider_all,adv_expected_if_proportional,0.03349832281865229,0.02531470433832932,0.042192217015989464
wider_all,deviation_from_proportional,-0.0071127665251289746,-0.013995590505845363,-0.0005546762934311517
wider_non_frame,AP10_old|S1,0.2218505285544743,0.19885959520715052,0.24553801103249323
wider_non_frame,AP10_new|S1,0.11580540462305926,0.10055895115424555,0.13175273940140625
wider_non_frame,AP10_delta|S1,-0.10604512393141503,-0.12396100443893922,-0.0894484491860432
wider_non_frame,AP10_old|S1 reranked,0.2821939253677103,0.25608894478610067,0.3083264961546102
wider_non_frame,AP10_new|S1 reranked,0.14586206415382288,0.12789922407718163,0.16444150755225082
wider_non_frame,AP10_delta|S1 reranked,-0.13633186121388746,-0.15596020955315812,-0.117414168190334
wider_non_frame,AP10_old|S2,0.20080020743588492,0.18053233508189928,0.22179603682768848
wider_non_frame,AP10_new|S2,0.11077977591032942,0.09601324602147158,0.12602653088207383
wider_non_frame,AP10_delta|S2,-0.09002043152555549,-0.10567496669134116,-0.0756493173974653
wider_non_frame,AP10_old|MetaCLIP2 Combined,0.1628024923652685,0.1462586242204806,0.18046013375656697
wider_non_frame,AP10_new|MetaCLIP2 Combined,0.08711555241087028,0.07498978248355848,0.09962670689100267
wider_non_frame,AP10_delta|MetaCLIP2 Combined,-0.07568693995439822,-0.08848641852745477,-0.06387653249113726
wider_non_frame,AP10_old|MetaCLIP2 Image-only,0.0961755330321236,0.08288610106174067,0.10998721614417235
wider_non_frame,AP10_new|MetaCLIP2 Image-only,0.052817398332862246,0.04338115186972238,0.06270435687437181
wider_non_frame,AP10_delta|MetaCLIP2 Image-only,-0.04335813469926135,-0.052779396831022916,-0.03482789982915117
wider_non_frame,AP10_old|MetaCLIP2 Text-only,0.1123355651920944,0.09706132233852933,0.1288087365370442
wider_non_frame,AP10_new|MetaCLIP2 Text-only,0.058681110465290634,0.04834209088105424,0.07019768192925316
wider_non_frame,AP10_delta|MetaCLIP2 Text-only,-0.05365445472680376,-0.06613110304230867,-0.04245773628195706
wider_non_frame,AP10_old|MetaCLIP2 SLERP,0.1648389098514896,0.14846945451708995,0.18193746904675462
wider_non_frame,AP10_new|MetaCLIP2 SLERP,0.08792636792038486,0.07579711847671412,0.1004673779797747
wider_non_frame,AP10_delta|MetaCLIP2 SLERP,-0.07691254193110476,-0.0892000738207495,-0.06519424671503406
wider_non_frame,adv_old,0.06034339681323605,0.04299136603940528,0.07737126247885628
wider_non_frame,rel_old,0.27200023910882426,0.1878731916056941,0.364691619568559
wider_non_frame,adv_new,0.03005665953076362,0.018568022727111225,0.041918280075867356
wider_non_frame,rel_new,0.25954453186875454,0.15451498215426956,0.37616284057728583
wider_non_frame,adv_change,-0.03028673728247243,-0.041752193031948805,-0.019045550345000613
wider_non_frame,rel_change,-0.012455707240069724,-0.08338058108041092,0.06314708687155232
wider_non_frame,adv_expected_if_proportional,0.03149909774756626,0.021979765751817728,0.041471842496795586
wider_non_frame,deviation_from_proportional,-0.0014424382168026426,-0.009937742233032256,0.0070146208303093925
