domain,stratum,method,metric,old,new,delta,ci_low,ci_high,groups,queries,components
current_fixed,all344,bge_vl_mllm_s1_retrieval_results_licensed,AP10,0.2640797135626307,0.19994920860545362,-0.06413050495717709,-0.08224687228718963,-0.04797564772905236,344,2091,312
current_fixed,all344,bge_vl_mllm_s1_retrieval_results_licensed_reranked,AP10,0.3068508499455187,0.222588167907934,-0.08426268203758469,-0.10491733565962373,-0.06586975340836346,344,2091,312
current_fixed,all344,bge_vl_mllm_s2_retrieval_results_licensed,AP10,0.2420151833693429,0.17852156377456133,-0.06349361959478159,-0.08094065435876596,-0.0479809914343286,344,2091,312
current_fixed,all344,metaclip2_retrieval_results_combined,AP10,0.14648740541082436,0.10413057853373207,-0.04235682687709229,-0.0554015434318311,-0.03063869103183769,344,2091,312
current_fixed,all344,metaclip2_retrieval_results_image_only,AP10,0.06639445254163093,0.0505454277465277,-0.01584902479510323,-0.02168304553806192,-0.010878241647099038,344,2091,312
current_fixed,all344,metaclip2_retrieval_results_text_only,AP10,0.10348072908778086,0.07061646760480765,-0.03286426148297321,-0.0446548415643989,-0.022266021410502573,344,2091,312
current_fixed,all344,metaclip2_slerp_retrieval_results_licensed,AP10,0.145635166517676,0.10377160017876466,-0.041863566338911334,-0.05470553753649312,-0.03043786357587649,344,2091,312
current_fixed,all344,bge_vl_mllm_s1_retrieval_results_licensed,P10,0.24481109516977526,0.1986131037780966,-0.046197991391678656,-0.05704760291991993,-0.036223019791709894,344,2091,312
current_fixed,all344,bge_vl_mllm_s1_retrieval_results_licensed_reranked,P10,0.2834050693448111,0.22721186035389768,-0.0561932089909134,-0.06899965360967583,-0.04477675768989329,344,2091,312
current_fixed,all344,bge_vl_mllm_s2_retrieval_results_licensed,P10,0.24112864658058342,0.19464371114299375,-0.046484935437589664,-0.057177834065564426,-0.036675801057877266,344,2091,312
current_fixed,all344,metaclip2_retrieval_results_combined,P10,0.17709230033476805,0.14155906264945003,-0.03553323768531802,-0.04532730715784311,-0.026853344590877445,344,2091,312
current_fixed,all344,metaclip2_retrieval_results_image_only,P10,0.10086083213773313,0.08067910090865614,-0.020181731229076988,-0.027273163287551777,-0.01384095340722496,344,2091,312
current_fixed,all344,metaclip2_retrieval_results_text_only,P10,0.11123864179818269,0.08866571018651362,-0.022572931611669067,-0.03057842159389981,-0.015732292746682044,344,2091,312
current_fixed,all344,metaclip2_slerp_retrieval_results_licensed,P10,0.18436154949784792,0.14725011956001913,-0.03711142993782879,-0.04721659934345316,-0.02822391526205297,344,2091,312
current_fixed,all344,bge_vl_mllm_s1_retrieval_results_licensed,AP_range,0.231202592713442,0.2130226927657368,-0.01817989994770522,-0.03452939383615679,-0.00213961564352833,344,2091,312
current_fixed,all344,bge_vl_mllm_s1_retrieval_results_licensed_reranked,AP_range,0.29108340273017047,0.2546612843834778,-0.03642211834669268,-0.055965467699385506,-0.017929249578769804,344,2091,312
current_fixed,all344,bge_vl_mllm_s2_retrieval_results_licensed,AP_range,0.20757647384966044,0.18646419956333093,-0.021112274286329502,-0.03464068558022047,-0.008255539717079546,344,2091,312
current_fixed,all344,metaclip2_retrieval_results_combined,AP_range,0.18073450646946979,0.14944306062756713,-0.03129144584190266,-0.045122273448435155,-0.018973260906273333,344,2091,312
current_fixed,all344,metaclip2_retrieval_results_image_only,AP_range,0.0,0.013814147671342439,0.013814147671342439,0.008689957257093695,0.019243143639939696,344,2091,312
current_fixed,all344,metaclip2_retrieval_results_text_only,AP_range,0.19973465139716523,0.15486654795962312,-0.044868103437542106,-0.06130830238548321,-0.03012939677640965,344,2091,312
current_fixed,all344,metaclip2_slerp_retrieval_results_licensed,AP_range,0.15763557285532645,0.1347594099547657,-0.022876162900560743,-0.03523243857568809,-0.011675589050850723,344,2091,312
current_fixed,all344,bge_vl_mllm_s1_retrieval_results_licensed,P_range,0.1694767441860465,0.17238372093023258,0.0029069767441860794,-0.008035714285714287,0.014415325730354618,344,2091,312
current_fixed,all344,bge_vl_mllm_s1_retrieval_results_licensed_reranked,P_range,0.19767441860465115,0.1930232558139535,-0.0046511627906976605,-0.015917727320343595,0.006765706578489369,344,2091,312
current_fixed,all344,bge_vl_mllm_s2_retrieval_results_licensed,P_range,0.1511627906976744,0.1563953488372093,0.005232558139534882,-0.0055232558139534866,0.01616766467065868,344,2091,312
current_fixed,all344,metaclip2_retrieval_results_combined,P_range,0.1744186046511628,0.16366279069767442,-0.010755813953488375,-0.02109866848609157,-0.0008547008547008542,344,2091,312
current_fixed,all344,metaclip2_retrieval_results_image_only,P_range,0.0,0.019476744186046512,0.019476744186046512,0.012940922920892496,0.026966377255703097,344,2091,312
current_fixed,all344,metaclip2_retrieval_results_text_only,P_range,0.1816860465116279,0.16046511627906979,-0.02122093023255811,-0.03151862464183381,-0.012280570438071228,344,2091,312
current_fixed,all344,metaclip2_slerp_retrieval_results_licensed,P_range,0.15872093023255812,0.15174418604651163,-0.006976744186046491,-0.017314420544337142,0.0031430822758902956,344,2091,312
current_fixed,split121,bge_vl_mllm_s1_retrieval_results_licensed,AP10,0.20668700396825399,0.143127482925102,-0.06355952104315199,-0.08171694119309465,-0.047183213125916855,121,740,114
current_fixed,split121,bge_vl_mllm_s1_retrieval_results_licensed_reranked,AP10,0.24058475886600889,0.16271759344378392,-0.07786716542222497,-0.09654834139686456,-0.06046223779003231,121,740,114
current_fixed,split121,bge_vl_mllm_s2_retrieval_results_licensed,AP10,0.19164403880921738,0.13078667357834026,-0.06085736523087712,-0.07831201439675493,-0.04562994667940508,121,740,114
current_fixed,split121,metaclip2_retrieval_results_combined,AP10,0.12278261467249561,0.08589158078146172,-0.03689103389103389,-0.05098078510618214,-0.02499872196274851,121,740,114
current_fixed,split121,metaclip2_retrieval_results_image_only,AP10,0.06151534570284571,0.043591287716287716,-0.017924057986557995,-0.025886115201662802,-0.010877982072702049,121,740,114
current_fixed,split121,metaclip2_retrieval_results_text_only,AP10,0.08031665721844293,0.05588689880356547,-0.02442975841487746,-0.037884964374270635,-0.01337395611084131,121,740,114
current_fixed,split121,metaclip2_slerp_retrieval_results_licensed,AP10,0.12309060037929086,0.08505258213145117,-0.038038018247839686,-0.051871357909218395,-0.02627100419575214,121,740,114
current_fixed,split121,bge_vl_mllm_s1_retrieval_results_licensed,P10,0.20959459459459454,0.1508108108108108,-0.05878378378378374,-0.07415345854328904,-0.044613259668508286,121,740,114
current_fixed,split121,bge_vl_mllm_s1_retrieval_results_licensed_reranked,P10,0.2391891891891892,0.17189189189189188,-0.0672972972972973,-0.08337858592656108,-0.051522770570625064,121,740,114
current_fixed,split121,bge_vl_mllm_s2_retrieval_results_licensed,P10,0.2104054054054054,0.1483783783783784,-0.062027027027027004,-0.07700808339530144,-0.048574615605488224,121,740,114
current_fixed,split121,metaclip2_retrieval_results_combined,P10,0.15135135135135136,0.11094594594594594,-0.04040540540540542,-0.05382757466669078,-0.02868391317276242,121,740,114
current_fixed,split121,metaclip2_retrieval_results_image_only,P10,0.10216216216216216,0.07662162162162162,-0.025540540540540543,-0.03815283417793738,-0.01493769197607372,121,740,114
current_fixed,split121,metaclip2_retrieval_results_text_only,P10,0.0845945945945946,0.0627027027027027,-0.021891891891891904,-0.033507293134002816,-0.012263805492048342,121,740,114
current_fixed,split121,metaclip2_slerp_retrieval_results_licensed,P10,0.15878378378378377,0.11567567567567567,-0.0431081081081081,-0.05714334437731436,-0.030589649565367506,121,740,114
current_fixed,split121,bge_vl_mllm_s1_retrieval_results_licensed,AP_range,0.20133544135438075,0.23352559427505315,0.0321901529206724,0.00464769835892803,0.060727804765259255,121,740,114
current_fixed,split121,bge_vl_mllm_s1_retrieval_results_licensed_reranked,AP_range,0.26391678717706857,0.2693065016793372,0.0053897145022686055,-0.029203123539819964,0.04049558995722525,121,740,114
current_fixed,split121,bge_vl_mllm_s2_retrieval_results_licensed,AP_range,0.18032533123442215,0.1996134986746458,0.019288167440223658,-0.0037021601627814393,0.04333275719537076,121,740,114
current_fixed,split121,metaclip2_retrieval_results_combined,AP_range,0.16207914279883978,0.15550422150800935,-0.006574921290830427,-0.026835682282340168,0.013942248873257545,121,740,114
current_fixed,split121,metaclip2_retrieval_results_image_only,AP_range,0.0,0.03927327933009751,0.03927327933009751,0.026115544191636475,0.053060476912667985,121,740,114
current_fixed,split121,metaclip2_retrieval_results_text_only,AP_range,0.16027313825744563,0.1346945646945647,-0.02557857356288093,-0.04543024823300131,-0.008771682122318698,121,740,114
current_fixed,split121,metaclip2_slerp_retrieval_results_licensed,AP_range,0.14022982739162396,0.14614403283505015,0.00591420544342619,-0.01135118191373771,0.024369617788116162,121,740,114
current_fixed,split121,bge_vl_mllm_s1_retrieval_results_licensed,P_range,0.1644628099173554,0.21570247933884298,0.05123966942148758,0.02845223577235772,0.07647058823529411,121,740,114
current_fixed,split121,bge_vl_mllm_s1_retrieval_results_licensed_reranked,P_range,0.19834710743801656,0.22479338842975205,0.026446280991735488,0.0008333333333333304,0.052893777345649,121,740,114
current_fixed,split121,bge_vl_mllm_s2_retrieval_results_licensed,P_range,0.1413223140495868,0.19338842975206616,0.05206611570247935,0.0288135593220339,0.07787128368991385,121,740,114
current_fixed,split121,metaclip2_retrieval_results_combined,P_range,0.15702479338842978,0.1694214876033058,0.01239669421487602,-0.007564627545933627,0.03361344537815125,121,740,114
current_fixed,split121,metaclip2_retrieval_results_image_only,P_range,0.0,0.055371900826446274,0.055371900826446274,0.03833333333333333,0.07499999999999998,121,740,114
current_fixed,split121,metaclip2_retrieval_results_text_only,P_range,0.14958677685950414,0.13719008264462812,-0.01239669421487602,-0.02661290322580645,0.0016393442622950837,121,740,114
current_fixed,split121,metaclip2_slerp_retrieval_results_licensed,P_range,0.1454545454545455,0.16942148760330578,0.023966942148760273,0.004065040650406503,0.045000000000000005,121,740,114
current_fixed,other223,bge_vl_mllm_s1_retrieval_results_licensed,AP10,0.2955161348060347,0.23107287774198967,-0.06444325706404505,-0.09019536833629524,-0.04178711831141264,223,1351,213
current_fixed,other223,bge_vl_mllm_s1_retrieval_results_licensed_reranked,AP10,0.343147598575302,0.2553818208342635,-0.08776577774103855,-0.11641855155333297,-0.0619709223340137,223,1351,213
current_fixed,other223,bge_vl_mllm_s2_retrieval_results_licensed,AP10,0.2696055956376574,0.20466798771623676,-0.06493760792142064,-0.089506939326632,-0.04385899966954755,223,1351,213
current_fixed,other223,metaclip2_retrieval_results_combined,AP10,0.15947152469014583,0.11412085117376171,-0.045350673516384124,-0.06420763615783619,-0.028920634802190055,223,1351,213
current_fixed,other223,metaclip2_retrieval_results_image_only,AP10,0.06906694629492556,0.05435450518722169,-0.014712441107703873,-0.02220303546782954,-0.00829452856707184,223,1351,213
current_fixed,other223,metaclip2_retrieval_results_text_only,AP10,0.1161686737090318,0.07868447716285297,-0.037484196546178836,-0.05442956552687786,-0.02309866415897862,223,1351,213
current_fixed,other223,metaclip2_slerp_retrieval_results_licensed,AP10,0.15798378157497062,0.11402480029350337,-0.043958981281467246,-0.06191309359553157,-0.02820157045507912,223,1351,213
current_fixed,other223,bge_vl_mllm_s1_retrieval_results_licensed,P10,0.2641006661732051,0.22479644707623986,-0.03930421909696524,-0.05300411302950806,-0.026736241135264485,223,1351,213
current_fixed,other223,bge_vl_mllm_s1_retrieval_results_licensed_reranked,P10,0.30762398223538123,0.2575129533678756,-0.050111028867505625,-0.06654443521389602,-0.03484394938415065,223,1351,213
current_fixed,other223,bge_vl_mllm_s2_retrieval_results_licensed,P10,0.2579570688378979,0.2199851961509992,-0.03797187268689867,-0.0517612147828378,-0.0257115592427167,223,1351,213
current_fixed,other223,metaclip2_retrieval_results_combined,P10,0.19119170984455955,0.15832716506291636,-0.03286454478164319,-0.04565258689044536,-0.021312623280733554,223,1351,213
current_fixed,other223,metaclip2_retrieval_results_image_only,P10,0.1001480384900074,0.08290155440414507,-0.017246484085862337,-0.02559205500381971,-0.009812725975647323,223,1351,213
current_fixed,other223,metaclip2_retrieval_results_text_only,P10,0.1258327165062916,0.10288675055514433,-0.02294596595114727,-0.03362726996009486,-0.01379832925762031,223,1351,213
current_fixed,other223,metaclip2_slerp_retrieval_results_licensed,P10,0.19837157660991858,0.16454478164322722,-0.03382679496669136,-0.04700231476351516,-0.02202991854636592,223,1351,213
current_fixed,other223,bge_vl_mllm_s1_retrieval_results_licensed,AP_range,0.2474085358275514,0.20189780001852922,-0.04551073580902218,-0.06530268208200711,-0.02735112652606945,223,1351,213
current_fixed,other223,bge_vl_mllm_s1_retrieval_results_licensed_reranked,AP_range,0.3058240326939612,0.24671477634402045,-0.05910925634994074,-0.08225711359247738,-0.03823695167840361,223,1351,213
current_fixed,other223,bge_vl_mllm_s2_retrieval_results_licensed,AP_range,0.2223629682731754,0.17932937807243807,-0.043033590200737326,-0.05891933714746549,-0.028661717481893136,223,1351,213
current_fixed,other223,metaclip2_retrieval_results_combined,AP_range,0.19085692352842148,0.14615426929782044,-0.04470265423060105,-0.06205148063293223,-0.029370247355762758,223,1351,213
current_fixed,other223,metaclip2_retrieval_results_image_only,AP_range,0.0,0.0,0.0,0.0,0.0,223,1351,213
current_fixed,other223,metaclip2_retrieval_results_text_only,AP_range,0.22114650381826872,0.16581188417070863,-0.05533461964756009,-0.0774672764474046,-0.03604912397721378,223,1351,213
current_fixed,other223,metaclip2_slerp_retrieval_results_licensed,AP_range,0.1670799459544655,0.12858210336949927,-0.03849784258496622,-0.05448602767813877,-0.02486955341268602,223,1351,213
current_fixed,other223,bge_vl_mllm_s1_retrieval_results_licensed,P_range,0.1721973094170404,0.14887892376681616,-0.023318385650224233,-0.03304325280022126,-0.014095370585052964,223,1351,213
current_fixed,other223,bge_vl_mllm_s1_retrieval_results_licensed_reranked,P_range,0.19730941704035873,0.1757847533632287,-0.021524663677130018,-0.03125000000000001,-0.012719298245614035,223,1351,213
current_fixed,other223,bge_vl_mllm_s2_retrieval_results_licensed,P_range,0.15650224215246636,0.13632286995515697,-0.020179372197309392,-0.029223744292237442,-0.011946902654867255,223,1351,213
current_fixed,other223,metaclip2_retrieval_results_combined,P_range,0.18385650224215247,0.16053811659192824,-0.023318385650224233,-0.03482193358112476,-0.013181818181818182,223,1351,213
current_fixed,other223,metaclip2_retrieval_results_image_only,P_range,0.0,0.0,0.0,0.0,0.0,223,1351,213
current_fixed,other223,metaclip2_retrieval_results_text_only,P_range,0.19910313901345292,0.1730941704035875,-0.02600896860986543,-0.03936651583710407,-0.014285714285714285,223,1351,213
current_fixed,other223,metaclip2_slerp_retrieval_results_licensed,P_range,0.16591928251121077,0.142152466367713,-0.023766816143497765,-0.03440640984005846,-0.014089513556618841,223,1351,213
common_fixed,all344,bge_vl_mllm_s1_retrieval_results_licensed,AP10,0.2753828320923588,0.2198090131472765,-0.055573818945082315,-0.07594862402769646,-0.03778053867425621,271,1636,243
common_fixed,all344,bge_vl_mllm_s1_retrieval_results_licensed_reranked,AP10,0.33338959800618606,0.262691464365335,-0.07069813364085104,-0.093149742710659,-0.05046177341388341,271,1636,243
common_fixed,all344,bge_vl_mllm_s2_retrieval_results_licensed,AP10,0.24510941189388916,0.19215706711349756,-0.0529523447803916,-0.07209638589228086,-0.036294531666955475,271,1636,243
common_fixed,all344,metaclip2_retrieval_results_combined,AP10,0.17304094016602384,0.13521258426398725,-0.03782835590203659,-0.05340664621650509,-0.023650723945963528,271,1636,243
common_fixed,all344,metaclip2_retrieval_results_image_only,AP10,0.07250327453719874,0.05653389496362703,-0.01596937957357171,-0.023659987795149134,-0.009261385096347163,271,1636,243
common_fixed,all344,metaclip2_retrieval_results_text_only,AP10,0.14153398014779578,0.10959813814935554,-0.03193584199844024,-0.046098497836466114,-0.01887009273165251,271,1636,243
common_fixed,all344,metaclip2_slerp_retrieval_results_licensed,AP10,0.16821129214046388,0.12953959689349792,-0.038671695246965954,-0.05362477129461936,-0.02520939407102798,271,1636,243
common_fixed,all344,bge_vl_mllm_s1_retrieval_results_licensed,P10,0.2700488997555013,0.21375305623471885,-0.05629584352078243,-0.07002521314202538,-0.04370735066817535,271,1636,243
common_fixed,all344,bge_vl_mllm_s1_retrieval_results_licensed_reranked,P10,0.3132640586797066,0.24559902200488998,-0.0676650366748166,-0.08366504202011196,-0.052784367777492465,271,1636,243
common_fixed,all344,bge_vl_mllm_s2_retrieval_results_licensed,P10,0.25727383863080683,0.2015892420537897,-0.05568459657701713,-0.0692890260268692,-0.043199580505860584,271,1636,243
common_fixed,all344,metaclip2_retrieval_results_combined,P10,0.20751833740831296,0.16081907090464548,-0.046699266503667486,-0.059911117489935335,-0.035041508271983664,271,1636,243
common_fixed,all344,metaclip2_retrieval_results_image_only,P10,0.11314180929095352,0.08636919315403424,-0.02677261613691928,-0.035837177653208124,-0.01845404855394812,271,1636,243
common_fixed,all344,metaclip2_retrieval_results_text_only,P10,0.1476161369193154,0.11583129584352078,-0.03178484107579463,-0.042706602640162634,-0.021882208296648453,271,1636,243
common_fixed,all344,metaclip2_slerp_retrieval_results_licensed,P10,0.21289731051344743,0.16497555012224938,-0.047921760391198054,-0.06131850803035728,-0.03592483800016541,271,1636,243
common_fixed,all344,bge_vl_mllm_s1_retrieval_results_licensed,AP_range,0.21519086864621478,0.21733862538455315,0.0021477567383383633,-0.015338711279693423,0.019482902813384873,271,1636,243
common_fixed,all344,bge_vl_mllm_s1_retrieval_results_licensed_reranked,AP_range,0.27257249739447503,0.27238533714702223,-0.00018716024745280002,-0.02238480899854144,0.02203019724707797,271,1636,243
common_fixed,all344,bge_vl_mllm_s2_retrieval_results_licensed,AP_range,0.19574457813739132,0.19051242435610297,-0.005232153781288357,-0.020924650018425524,0.011392306322058815,271,1636,243
common_fixed,all344,metaclip2_retrieval_results_combined,AP_range,0.17917031986362947,0.1715965813002801,-0.007573738563349364,-0.0235553955616944,0.007726934231534914,271,1636,243
common_fixed,all344,metaclip2_retrieval_results_image_only,AP_range,0.0,0.01800687163617668,0.01800687163617668,0.012016251977301586,0.024640016398540632,271,1636,243
common_fixed,all344,metaclip2_retrieval_results_text_only,AP_range,0.21841080005187805,0.19141913715055517,-0.026991662901322877,-0.04591186926670049,-0.009237145240339922,271,1636,243
common_fixed,all344,metaclip2_slerp_retrieval_results_licensed,AP_range,0.15814244376854203,0.15201298416045383,-0.006129459608088195,-0.020461080507895576,0.007188087460504669,271,1636,243
common_fixed,all344,bge_vl_mllm_s1_retrieval_results_licensed,P_range,0.16974169741697417,0.17822878228782288,0.008487084870848705,-0.004428044280442802,0.022499999999999996,271,1636,243
common_fixed,all344,bge_vl_mllm_s1_retrieval_results_licensed_reranked,P_range,0.18597785977859782,0.19003690036900373,0.004059040590405905,-0.009559316542709037,0.018370796717263365,271,1636,243
common_fixed,all344,bge_vl_mllm_s2_retrieval_results_licensed,P_range,0.14944649446494468,0.15904059040590407,0.00959409594095939,-0.002952855647959463,0.022847236618433592,271,1636,243
common_fixed,all344,metaclip2_retrieval_results_combined,P_range,0.17343173431734318,0.16531365313653135,-0.008118081180811837,-0.020818980503329677,0.004982651245551595,271,1636,243
common_fixed,all344,metaclip2_retrieval_results_image_only,P_range,0.0,0.024723247232472326,0.024723247232472326,0.01595706136293555,0.034616788321167866,271,1636,243
common_fixed,all344,metaclip2_retrieval_results_text_only,P_range,0.19114391143911438,0.16494464944649448,-0.026199261992619904,-0.03924563242487771,-0.014079422382671479,271,1636,243
common_fixed,all344,metaclip2_slerp_retrieval_results_licensed,P_range,0.16494464944649448,0.15756457564575646,-0.0073800738007380184,-0.02007306182260562,0.005495519240906679,271,1636,243
common_fixed,split121,bge_vl_mllm_s1_retrieval_results_licensed,AP10,0.2212291757412318,0.17332500822048844,-0.04790416752074336,-0.06611869661446679,-0.03063333723593542,97,590,90
common_fixed,split121,bge_vl_mllm_s1_retrieval_results_licensed_reranked,AP10,0.2738978617655474,0.2168370523036584,-0.05706080946188902,-0.07701045075460389,-0.037762833939971784,97,590,90
common_fixed,split121,bge_vl_mllm_s2_retrieval_results_licensed,AP10,0.19950461201429723,0.1567528624915126,-0.04275174952278463,-0.06226507172959445,-0.023966308541122465,97,590,90
common_fixed,split121,metaclip2_retrieval_results_combined,AP10,0.14768415068475604,0.12039811638717005,-0.027286034297585998,-0.04356547446192975,-0.010364372659505383,97,590,90
common_fixed,split121,metaclip2_retrieval_results_image_only,AP10,0.06466210429557886,0.052597840627148534,-0.01206426366843033,-0.02237584432128782,-0.0027553548644539934,97,590,90
common_fixed,split121,metaclip2_retrieval_results_text_only,AP10,0.11018038020292861,0.08568028652138822,-0.024500093681540394,-0.042566822433170476,-0.00855847672725596,97,590,90
common_fixed,split121,metaclip2_slerp_retrieval_results_licensed,AP10,0.14511681020493572,0.11523955437479451,-0.02987725583014121,-0.045170851046053874,-0.014870486865240813,97,590,90
common_fixed,split121,bge_vl_mllm_s1_retrieval_results_licensed,P10,0.23322033898305078,0.16135593220338984,-0.07186440677966094,-0.09078537539754987,-0.053937723347230494,97,590,90
common_fixed,split121,bge_vl_mllm_s1_retrieval_results_licensed_reranked,P10,0.26949152542372884,0.1877966101694915,-0.08169491525423733,-0.10295652422957956,-0.06140525336511906,97,590,90
common_fixed,split121,bge_vl_mllm_s2_retrieval_results_licensed,P10,0.22542372881355932,0.15322033898305085,-0.07220338983050847,-0.0905698660247017,-0.054875660009182745,97,590,90
common_fixed,split121,metaclip2_retrieval_results_combined,P10,0.18101694915254238,0.12745762711864406,-0.05355932203389832,-0.07135233662103085,-0.03747820761286319,97,590,90
common_fixed,split121,metaclip2_retrieval_results_image_only,P10,0.11491525423728813,0.0811864406779661,-0.03372881355932203,-0.05033705482574721,-0.019895531598345423,97,590,90
common_fixed,split121,metaclip2_retrieval_results_text_only,P10,0.11389830508474574,0.07847457627118645,-0.03542372881355929,-0.051541495828790834,-0.021247631227193517,97,590,90
common_fixed,split121,metaclip2_slerp_retrieval_results_licensed,P10,0.18745762711864405,0.13254237288135592,-0.05491525423728813,-0.07337883959044368,-0.0385921423932764,97,590,90
common_fixed,split121,bge_vl_mllm_s1_retrieval_results_licensed,AP_range,0.1863646725395007,0.2540999495445372,0.06773527700503648,0.03744638814100598,0.10076412426443493,97,590,90
common_fixed,split121,bge_vl_mllm_s1_retrieval_results_licensed_reranked,AP_range,0.2661792292327393,0.3193311014745723,0.05315187224183299,0.013011888554180544,0.09551787959234391,97,590,90
common_fixed,split121,bge_vl_mllm_s2_retrieval_results_licensed,AP_range,0.17457636729758721,0.22259212180481203,0.04801575450722481,0.016555881878972382,0.0814166142943029,97,590,90
common_fixed,split121,metaclip2_retrieval_results_combined,AP_range,0.16712789096165387,0.19768631020564012,0.03055841924398625,0.002594186881661693,0.061805529924735855,97,590,90
common_fixed,split121,metaclip2_retrieval_results_image_only,AP_range,0.0,0.0503078578701431,0.0503078578701431,0.035202195186646815,0.06665218084161466,97,590,90
common_fixed,split121,metaclip2_retrieval_results_text_only,AP_range,0.18409872874312003,0.18439853451880947,0.00029980577568944344,-0.02303469058754454,0.025446222830066062,97,590,90
common_fixed,split121,metaclip2_slerp_retrieval_results_licensed,AP_range,0.14505542633242682,0.17709315169366713,0.032037725361240305,0.008972886452096637,0.05719473857997753,97,590,90
common_fixed,split121,bge_vl_mllm_s1_retrieval_results_licensed,P_range,0.16391752577319588,0.23402061855670106,0.07010309278350518,0.0431578947368421,0.09900990099009899,97,590,90
common_fixed,split121,bge_vl_mllm_s1_retrieval_results_licensed_reranked,P_range,0.18969072164948456,0.24948453608247426,0.0597938144329897,0.03125,0.09091136363636361,97,590,90
common_fixed,split121,bge_vl_mllm_s2_retrieval_results_licensed,P_range,0.13917525773195877,0.20618556701030927,0.0670103092783505,0.0397799059139785,0.09600099009900989,97,590,90
common_fixed,split121,metaclip2_retrieval_results_combined,P_range,0.165979381443299,0.18865979381443299,0.022680412371133996,-0.005050505050505049,0.05204081632653062,97,590,90
common_fixed,split121,metaclip2_retrieval_results_image_only,P_range,0.0,0.0690721649484536,0.0690721649484536,0.046315789473684206,0.09473684210526316,97,590,90
common_fixed,split121,metaclip2_retrieval_results_text_only,P_range,0.165979381443299,0.1536082474226804,-0.012371134020618596,-0.03298969072164948,0.009183673469387756,97,590,90
common_fixed,split121,metaclip2_slerp_retrieval_results_licensed,P_range,0.15463917525773196,0.1824742268041237,0.027835051546391737,0.0010101010101010108,0.057426269222666936,97,590,90
common_fixed,other223,bge_vl_mllm_s1_retrieval_results_licensed,AP10,0.30592839351412254,0.24602848055339974,-0.059899912960722806,-0.08877031705880405,-0.03418687001828325,174,1046,167
common_fixed,other223,bge_vl_mllm_s1_retrieval_results_licensed_reranked,AP10,0.3669461222719383,0.2885558076888428,-0.07839031458309548,-0.11007883836242259,-0.04958365795897391,174,1046,167
common_fixed,other223,bge_vl_mllm_s2_retrieval_results_licensed,AP10,0.27083296058314266,0.21212693396528642,-0.05870602661785623,-0.08493439163109338,-0.035073682241786634,174,1046,167
common_fixed,other223,metaclip2_retrieval_results_combined,AP10,0.18734352696712134,0.1435687372728994,-0.04377478969422194,-0.06627566194294544,-0.024054800335479354,174,1046,167
common_fixed,other223,metaclip2_retrieval_results_image_only,AP10,0.07692611434843749,0.058754040335063276,-0.018172074013374215,-0.02850474395903785,-0.009529185728351248,174,1046,167
common_fixed,other223,metaclip2_retrieval_results_text_only,AP10,0.1592190891033136,0.12308908696436581,-0.03613000213894778,-0.05717507319078061,-0.018639040980788973,174,1046,167
common_fixed,other223,metaclip2_slerp_retrieval_results_licensed,AP10,0.18123781636796066,0.13760558645949705,-0.043632229908463604,-0.06506691586585889,-0.024418860701995056,174,1046,167
common_fixed,other223,bge_vl_mllm_s1_retrieval_results_licensed,P10,0.2908221797323136,0.24330783938814532,-0.04751434034416829,-0.06593551712902625,-0.03124985161443495,174,1046,167
common_fixed,other223,bge_vl_mllm_s1_retrieval_results_licensed_reranked,P10,0.33795411089866156,0.27820267686424477,-0.059751434034416795,-0.08090668160251795,-0.04015533625730996,174,1046,167
common_fixed,other223,bge_vl_mllm_s2_retrieval_results_licensed,P10,0.27523900573613763,0.2288718929254302,-0.046367112810707434,-0.06436171736784128,-0.030449745811070194,174,1046,167
common_fixed,other223,metaclip2_retrieval_results_combined,P10,0.22246653919694073,0.17963671128107073,-0.042829827915870006,-0.06017760392623728,-0.027150117900205707,174,1046,167
common_fixed,other223,metaclip2_retrieval_results_image_only,P10,0.1121414913957935,0.0892925430210325,-0.022848948374761008,-0.034346389056149326,-0.013079124844575012,174,1046,167
common_fixed,other223,metaclip2_retrieval_results_text_only,P10,0.16663479923518162,0.13690248565965582,-0.029732313575525804,-0.04338169502205419,-0.01732899912587414,174,1046,167
common_fixed,other223,metaclip2_slerp_retrieval_results_licensed,P10,0.22724665391969406,0.18326959847036328,-0.04397705544933078,-0.061367818271032194,-0.027965495624640867,174,1046,167
common_fixed,other223,bge_vl_mllm_s1_retrieval_results_licensed,AP_range,0.23126064463673932,0.19684524352525173,-0.03441540111148758,-0.05567791096314356,-0.01586568616910366,174,1046,167
common_fixed,other223,bge_vl_mllm_s1_retrieval_results_licensed_reranked,AP_range,0.27613656068004044,0.24621442255062947,-0.02992213812941097,-0.05517010171325928,-0.005869088140175784,174,1046,167
common_fixed,other223,bge_vl_mllm_s2_retrieval_results_licensed,AP_range,0.20754524739866148,0.1726289148588341,-0.03491633253982737,-0.051695050918901427,-0.020429058403494134,174,1046,167
common_fixed,other223,metaclip2_retrieval_results_combined,AP_range,0.18588362792967336,0.15705230714039556,-0.028831320789277803,-0.04849308228791432,-0.01214482235985146,174,1046,167
common_fixed,other223,metaclip2_retrieval_results_image_only,AP_range,0.0,0.0,0.0,0.0,0.0,174,1046,167
common_fixed,other223,metaclip2_retrieval_results_text_only,AP_range,0.2375387938274501,0.1953329213762985,-0.042205872451151594,-0.06823521807623317,-0.01915489907538105,174,1046,167
common_fixed,other223,metaclip2_slerp_retrieval_results_licensed,AP_range,0.16543807992545678,0.13803151145515677,-0.027406568470300013,-0.045754685175352194,-0.011965093336142112,174,1046,167
common_fixed,other223,bge_vl_mllm_s1_retrieval_results_licensed,P_range,0.17298850574712646,0.1471264367816092,-0.025862068965517265,-0.03678312159709619,-0.015787995269071577,174,1046,167
common_fixed,other223,bge_vl_mllm_s1_retrieval_results_licensed_reranked,P_range,0.1839080459770115,0.15689655172413794,-0.027011494252873552,-0.03872921673053193,-0.01590909090909091,174,1046,167
common_fixed,other223,bge_vl_mllm_s2_retrieval_results_licensed,P_range,0.15517241379310345,0.1327586206896552,-0.022413793103448265,-0.03313953488372093,-0.012790374677002584,174,1046,167
common_fixed,other223,metaclip2_retrieval_results_combined,P_range,0.17758620689655175,0.15229885057471265,-0.025287356321839094,-0.036996330453984545,-0.015168539325842698,174,1046,167
common_fixed,other223,metaclip2_retrieval_results_image_only,P_range,0.0,0.0,0.0,0.0,0.0,174,1046,167
common_fixed,other223,metaclip2_retrieval_results_text_only,P_range,0.20517241379310347,0.17126436781609194,-0.033908045977011525,-0.050588235294117635,-0.019428571428571427,174,1046,167
common_fixed,other223,metaclip2_slerp_retrieval_results_licensed,P_range,0.1706896551724138,0.14367816091954025,-0.027011494252873552,-0.03859649122807018,-0.016666666666666666,174,1046,167
