domain,stratum,method,metric,old_low,old_high,new_low,new_high,delta_low,delta_high
current_fixed,all344,bge_vl_mllm_s1_retrieval_results_licensed,AP10,0.26407971356263077,0.26407971356263077,0.19994920860545373,0.19994920860545373,-0.06413050495717704,-0.06413050495717704
current_fixed,all344,bge_vl_mllm_s1_retrieval_results_licensed,P10,0.24481109516977545,0.24481109516977545,0.19861310377809674,0.19861310377809674,-0.04619799139167871,-0.04619799139167871
current_fixed,all344,bge_vl_mllm_s1_retrieval_results_licensed,AP_range,0.231202592713442,0.231202592713442,0.21302269276573685,0.21302269276573685,-0.018179899947705164,-0.018179899947705164
current_fixed,all344,bge_vl_mllm_s1_retrieval_results_licensed,P_range,0.16947674418604677,0.16947674418604677,0.17238372093023277,0.17238372093023277,0.002906976744185996,0.002906976744185996
current_fixed,all344,bge_vl_mllm_s1_retrieval_results_licensed_reranked,AP10,0.3068508499455186,0.3068508499455186,0.22258816790793384,0.22258816790793384,-0.08426268203758475,-0.08426268203758475
current_fixed,all344,bge_vl_mllm_s1_retrieval_results_licensed_reranked,P10,0.28340506934481113,0.28340506934481113,0.22721186035389762,0.22721186035389762,-0.05619320899091351,-0.05619320899091351
current_fixed,all344,bge_vl_mllm_s1_retrieval_results_licensed_reranked,AP_range,0.2910834027301706,0.2910834027301706,0.2546612843834779,0.2546612843834779,-0.03642211834669268,-0.03642211834669268
current_fixed,all344,bge_vl_mllm_s1_retrieval_results_licensed_reranked,P_range,0.1976744186046512,0.1976744186046512,0.19302325581395358,0.19302325581395358,-0.004651162790697633,-0.004651162790697633
current_fixed,all344,bge_vl_mllm_s2_retrieval_results_licensed,AP10,0.24201518336934288,0.24201518336934288,0.17852156377456116,0.17852156377456116,-0.06349361959478173,-0.06349361959478173
current_fixed,all344,bge_vl_mllm_s2_retrieval_results_licensed,P10,0.2411286465805836,0.2411286465805836,0.194643711142994,0.194643711142994,-0.04648493543758961,-0.04648493543758961
current_fixed,all344,bge_vl_mllm_s2_retrieval_results_licensed,AP_range,0.2075764738496605,0.2075764738496605,0.18646419956333093,0.18646419956333093,-0.021112274286329558,-0.021112274286329558
current_fixed,all344,bge_vl_mllm_s2_retrieval_results_licensed,P_range,0.15116279069767474,0.15116279069767474,0.15639534883720962,0.15639534883720962,0.005232558139534882,0.005232558139534882
current_fixed,all344,metaclip2_retrieval_results_combined,AP10,0.14648740541082433,0.14648740541082433,0.10413057853373206,0.10413057853373206,-0.042356826877092274,-0.042356826877092274
current_fixed,all344,metaclip2_retrieval_results_combined,P10,0.1770923003347679,0.1770923003347679,0.14155906264944995,0.14155906264944995,-0.03553323768531794,-0.03553323768531794
current_fixed,all344,metaclip2_retrieval_results_combined,AP_range,0.18073450646946976,0.18073450646946976,0.14944306062756715,0.14944306062756715,-0.031291445841902604,-0.031291445841902604
current_fixed,all344,metaclip2_retrieval_results_combined,P_range,0.17441860465116302,0.17441860465116302,0.16366279069767464,0.16366279069767464,-0.010755813953488375,-0.010755813953488375
current_fixed,all344,metaclip2_retrieval_results_image_only,AP10,0.06639445254163094,0.06639445254163094,0.05054542774652773,0.05054542774652773,-0.01584902479510321,-0.01584902479510321
current_fixed,all344,metaclip2_retrieval_results_image_only,P10,0.10086083213773296,0.10086083213773296,0.08067910090865604,0.08067910090865604,-0.02018173122907692,-0.02018173122907692
current_fixed,all344,metaclip2_retrieval_results_image_only,AP_range,0.0,0.0,0.013814147671342439,0.013814147671342439,0.013814147671342439,0.013814147671342439
current_fixed,all344,metaclip2_retrieval_results_image_only,P_range,0.0,0.0,0.019476744186046505,0.019476744186046505,0.019476744186046505,0.019476744186046505
current_fixed,all344,metaclip2_retrieval_results_text_only,AP10,0.10348072908778087,0.10348072908778087,0.07061646760480766,0.07061646760480766,-0.03286426148297321,-0.03286426148297321
current_fixed,all344,metaclip2_retrieval_results_text_only,P10,0.11123864179818264,0.11123864179818264,0.08866571018651363,0.08866571018651363,-0.02257293161166901,-0.02257293161166901
current_fixed,all344,metaclip2_retrieval_results_text_only,AP_range,0.19973465139716529,0.19973465139716529,0.15486654795962318,0.15486654795962318,-0.044868103437542106,-0.044868103437542106
current_fixed,all344,metaclip2_retrieval_results_text_only,P_range,0.1816860465116281,0.1816860465116281,0.16046511627906995,0.16046511627906995,-0.02122093023255814,-0.02122093023255814
current_fixed,all344,metaclip2_slerp_retrieval_results_licensed,AP10,0.1456351665176761,0.1456351665176761,0.10377160017876466,0.10377160017876466,-0.041863566338911445,-0.041863566338911445
current_fixed,all344,metaclip2_slerp_retrieval_results_licensed,P10,0.18436154949784786,0.18436154949784786,0.1472501195600192,0.1472501195600192,-0.03711142993782865,-0.03711142993782865
current_fixed,all344,metaclip2_slerp_retrieval_results_licensed,AP_range,0.15763557285532664,0.15763557285532664,0.1347594099547658,0.1347594099547658,-0.022876162900560854,-0.022876162900560854
current_fixed,all344,metaclip2_slerp_retrieval_results_licensed,P_range,0.1587209302325584,0.1587209302325584,0.1517441860465119,0.1517441860465119,-0.006976744186046491,-0.006976744186046491
current_fixed,split121,bge_vl_mllm_s1_retrieval_results_licensed,AP10,0.20668700396825396,0.20668700396825396,0.14312748292510197,0.14312748292510197,-0.06355952104315199,-0.06355952104315199
current_fixed,split121,bge_vl_mllm_s1_retrieval_results_licensed,P10,0.2095945945945945,0.2095945945945945,0.15081081081081082,0.15081081081081082,-0.05878378378378368,-0.05878378378378368
current_fixed,split121,bge_vl_mllm_s1_retrieval_results_licensed,AP_range,0.20133544135438075,0.20133544135438075,0.2335255942750532,0.2335255942750532,0.032190152920672455,0.032190152920672455
current_fixed,split121,bge_vl_mllm_s1_retrieval_results_licensed,P_range,0.16446280991735543,0.16446280991735543,0.21570247933884307,0.21570247933884307,0.05123966942148764,0.05123966942148764
current_fixed,split121,bge_vl_mllm_s1_retrieval_results_licensed_reranked,AP10,0.2405847588660089,0.2405847588660089,0.16271759344378395,0.16271759344378395,-0.07786716542222497,-0.07786716542222497
current_fixed,split121,bge_vl_mllm_s1_retrieval_results_licensed_reranked,P10,0.23918918918918908,0.23918918918918908,0.17189189189189188,0.17189189189189188,-0.06729729729729719,-0.06729729729729719
current_fixed,split121,bge_vl_mllm_s1_retrieval_results_licensed_reranked,AP_range,0.26391678717706846,0.26391678717706846,0.2693065016793372,0.2693065016793372,0.0053897145022687165,0.0053897145022687165
current_fixed,split121,bge_vl_mllm_s1_retrieval_results_licensed_reranked,P_range,0.19834710743801662,0.19834710743801662,0.22479338842975208,0.22479338842975208,0.02644628099173546,0.02644628099173546
current_fixed,split121,bge_vl_mllm_s2_retrieval_results_licensed,AP10,0.19164403880921738,0.19164403880921738,0.13078667357834023,0.13078667357834023,-0.06085736523087715,-0.06085736523087715
current_fixed,split121,bge_vl_mllm_s2_retrieval_results_licensed,P10,0.2104054054054053,0.2104054054054053,0.14837837837837836,0.14837837837837836,-0.06202702702702695,-0.06202702702702695
current_fixed,split121,bge_vl_mllm_s2_retrieval_results_licensed,AP_range,0.18032533123442218,0.18032533123442218,0.19961349867464587,0.19961349867464587,0.019288167440223686,0.019288167440223686
current_fixed,split121,bge_vl_mllm_s2_retrieval_results_licensed,P_range,0.14132231404958676,0.14132231404958676,0.19338842975206616,0.19338842975206616,0.052066115702479404,0.052066115702479404
current_fixed,split121,metaclip2_retrieval_results_combined,AP10,0.12278261467249561,0.12278261467249561,0.08589158078146174,0.08589158078146174,-0.036891033891033875,-0.036891033891033875
current_fixed,split121,metaclip2_retrieval_results_combined,P10,0.15135135135135136,0.15135135135135136,0.11094594594594594,0.11094594594594594,-0.04040540540540542,-0.04040540540540542
current_fixed,split121,metaclip2_retrieval_results_combined,AP_range,0.1620791427988398,0.1620791427988398,0.15550422150800944,0.15550422150800944,-0.006574921290830371,-0.006574921290830371
current_fixed,split121,metaclip2_retrieval_results_combined,P_range,0.15702479338842976,0.15702479338842976,0.16942148760330578,0.16942148760330578,0.01239669421487602,0.01239669421487602
current_fixed,split121,metaclip2_retrieval_results_image_only,AP10,0.06151534570284571,0.06151534570284571,0.043591287716287716,0.043591287716287716,-0.017924057986557995,-0.017924057986557995
current_fixed,split121,metaclip2_retrieval_results_image_only,P10,0.10216216216216219,0.10216216216216219,0.07662162162162164,0.07662162162162164,-0.025540540540540543,-0.025540540540540543
current_fixed,split121,metaclip2_retrieval_results_image_only,AP_range,0.0,0.0,0.03927327933009751,0.03927327933009751,0.03927327933009751,0.03927327933009751
current_fixed,split121,metaclip2_retrieval_results_image_only,P_range,0.0,0.0,0.05537190082644627,0.05537190082644627,0.05537190082644627,0.05537190082644627
current_fixed,split121,metaclip2_retrieval_results_text_only,AP10,0.08031665721844293,0.08031665721844293,0.05588689880356547,0.05588689880356547,-0.02442975841487746,-0.02442975841487746
current_fixed,split121,metaclip2_retrieval_results_text_only,P10,0.08459459459459462,0.08459459459459462,0.0627027027027027,0.0627027027027027,-0.021891891891891918,-0.021891891891891918
current_fixed,split121,metaclip2_retrieval_results_text_only,AP_range,0.1602731382574456,0.1602731382574456,0.13469456469456467,0.13469456469456467,-0.02557857356288093,-0.02557857356288093
current_fixed,split121,metaclip2_retrieval_results_text_only,P_range,0.1495867768595041,0.1495867768595041,0.13719008264462804,0.13719008264462804,-0.012396694214876075,-0.012396694214876075
current_fixed,split121,metaclip2_slerp_retrieval_results_licensed,AP10,0.12309060037929087,0.12309060037929087,0.0850525821314512,0.0850525821314512,-0.03803801824783967,-0.03803801824783967
current_fixed,split121,metaclip2_slerp_retrieval_results_licensed,P10,0.1587837837837838,0.1587837837837838,0.11567567567567573,0.11567567567567573,-0.04310810810810807,-0.04310810810810807
current_fixed,split121,metaclip2_slerp_retrieval_results_licensed,AP_range,0.1402298273916239,0.1402298273916239,0.1461440328350502,0.1461440328350502,0.005914205443426301,0.005914205443426301
current_fixed,split121,metaclip2_slerp_retrieval_results_licensed,P_range,0.14545454545454545,0.14545454545454545,0.16942148760330572,0.16942148760330572,0.023966942148760273,0.023966942148760273
current_fixed,other223,bge_vl_mllm_s1_retrieval_results_licensed,AP10,0.29551613480603484,0.29551613480603484,0.23107287774198976,0.23107287774198976,-0.06444325706404508,-0.06444325706404508
current_fixed,other223,bge_vl_mllm_s1_retrieval_results_licensed,P10,0.26410066617320505,0.26410066617320505,0.22479644707623977,0.22479644707623977,-0.03930421909696527,-0.03930421909696527
current_fixed,other223,bge_vl_mllm_s1_retrieval_results_licensed,AP_range,0.24740853582755132,0.24740853582755132,0.2018978000185292,0.2018978000185292,-0.045510735809022124,-0.045510735809022124
current_fixed,other223,bge_vl_mllm_s1_retrieval_results_licensed,P_range,0.17219730941704045,0.17219730941704045,0.14887892376681622,0.14887892376681622,-0.023318385650224233,-0.023318385650224233
current_fixed,other223,bge_vl_mllm_s1_retrieval_results_licensed_reranked,AP10,0.34314759857530197,0.34314759857530197,0.25538182083426336,0.25538182083426336,-0.08776577774103861,-0.08776577774103861
current_fixed,other223,bge_vl_mllm_s1_retrieval_results_licensed_reranked,P10,0.30762398223538095,0.30762398223538095,0.25751295336787555,0.25751295336787555,-0.0501110288675054,-0.0501110288675054
current_fixed,other223,bge_vl_mllm_s1_retrieval_results_licensed_reranked,AP_range,0.3058240326939612,0.3058240326939612,0.24671477634402034,0.24671477634402034,-0.05910925634994085,-0.05910925634994085
current_fixed,other223,bge_vl_mllm_s1_retrieval_results_licensed_reranked,P_range,0.19730941704035898,0.19730941704035898,0.175784753363229,0.175784753363229,-0.02152466367712999,-0.02152466367712999
current_fixed,other223,bge_vl_mllm_s2_retrieval_results_licensed,AP10,0.26960559563765735,0.26960559563765735,0.20466798771623668,0.20466798771623668,-0.06493760792142067,-0.06493760792142067
current_fixed,other223,bge_vl_mllm_s2_retrieval_results_licensed,P10,0.257957068837898,0.257957068837898,0.21998519615099935,0.21998519615099935,-0.03797187268689864,-0.03797187268689864
current_fixed,other223,bge_vl_mllm_s2_retrieval_results_licensed,AP_range,0.22236296827317548,0.22236296827317548,0.17932937807243818,0.17932937807243818,-0.0430335902007373,-0.0430335902007373
current_fixed,other223,bge_vl_mllm_s2_retrieval_results_licensed,P_range,0.15650224215246655,0.15650224215246655,0.13632286995515705,0.13632286995515705,-0.020179372197309503,-0.020179372197309503
current_fixed,other223,metaclip2_retrieval_results_combined,AP10,0.15947152469014575,0.15947152469014575,0.11412085117376164,0.11412085117376164,-0.04535067351638411,-0.04535067351638411
current_fixed,other223,metaclip2_retrieval_results_combined,P10,0.19119170984455944,0.19119170984455944,0.15832716506291628,0.15832716506291628,-0.03286454478164316,-0.03286454478164316
current_fixed,other223,metaclip2_retrieval_results_combined,AP_range,0.1908569235284215,0.1908569235284215,0.14615426929782047,0.14615426929782047,-0.04470265423060105,-0.04470265423060105
current_fixed,other223,metaclip2_retrieval_results_combined,P_range,0.18385650224215258,0.18385650224215258,0.16053811659192838,0.16053811659192838,-0.023318385650224205,-0.023318385650224205
current_fixed,other223,metaclip2_retrieval_results_image_only,AP10,0.06906694629492557,0.06906694629492557,0.05435450518722169,0.05435450518722169,-0.014712441107703887,-0.014712441107703887
current_fixed,other223,metaclip2_retrieval_results_image_only,P10,0.10014803849000732,0.10014803849000732,0.08290155440414507,0.08290155440414507,-0.017246484085862254,-0.017246484085862254
current_fixed,other223,metaclip2_retrieval_results_image_only,AP_range,0.0,0.0,0.0,0.0,0.0,0.0
current_fixed,other223,metaclip2_retrieval_results_image_only,P_range,0.0,0.0,0.0,0.0,0.0,0.0
current_fixed,other223,metaclip2_retrieval_results_text_only,AP10,0.1161686737090318,0.1161686737090318,0.07868447716285294,0.07868447716285294,-0.03748419654617886,-0.03748419654617886
current_fixed,other223,metaclip2_retrieval_results_text_only,P10,0.1258327165062917,0.1258327165062917,0.10288675055514433,0.10288675055514433,-0.022945965951147354,-0.022945965951147354
current_fixed,other223,metaclip2_retrieval_results_text_only,AP_range,0.22114650381826884,0.22114650381826884,0.16581188417070877,0.16581188417070877,-0.05533461964756006,-0.05533461964756006
current_fixed,other223,metaclip2_retrieval_results_text_only,P_range,0.19910313901345295,0.19910313901345295,0.1730941704035875,0.1730941704035875,-0.026008968609865457,-0.026008968609865457
current_fixed,other223,metaclip2_slerp_retrieval_results_licensed,AP10,0.15798378157497064,0.15798378157497064,0.11402480029350334,0.11402480029350334,-0.0439589812814673,-0.0439589812814673
current_fixed,other223,metaclip2_slerp_retrieval_results_licensed,P10,0.1983715766099186,0.1983715766099186,0.16454478164322717,0.16454478164322717,-0.03382679496669144,-0.03382679496669144
current_fixed,other223,metaclip2_slerp_retrieval_results_licensed,AP_range,0.16707994595446557,0.16707994595446557,0.1285821033694993,0.1285821033694993,-0.038497842584966274,-0.038497842584966274
current_fixed,other223,metaclip2_slerp_retrieval_results_licensed,P_range,0.1659192825112109,0.1659192825112109,0.14215246636771306,0.14215246636771306,-0.02376681614349785,-0.02376681614349785
common_fixed,all344,bge_vl_mllm_s1_retrieval_results_licensed,AP10,0.30123916752789615,0.3017833743705248,0.25061741152347716,0.25122113268673923,-0.051165962847047664,-0.05001803484115691
common_fixed,all344,bge_vl_mllm_s1_retrieval_results_licensed,P10,0.2759445241511241,0.2768053562888572,0.22439024390243908,0.22525107604017222,-0.05241511238641813,-0.05069344811095186
common_fixed,all344,bge_vl_mllm_s1_retrieval_results_licensed,AP_range,0.23378660957815517,0.23529939104733197,0.23886437203003502,0.24073891060515498,0.003564980982703053,0.006952301026999813
common_fixed,all344,bge_vl_mllm_s1_retrieval_results_licensed,P_range,0.16540697674418625,0.1677325581395351,0.17441860465116285,0.1767441860465117,0.006686046511627741,0.011337209302325457
common_fixed,all344,bge_vl_mllm_s1_retrieval_results_licensed_reranked,AP10,0.3491455917657643,0.3496897986083929,0.28523698624285626,0.28584070740611833,-0.06445281236553663,-0.06330488435964599
common_fixed,all344,bge_vl_mllm_s1_retrieval_results_licensed_reranked,P10,0.3151123864179821,0.31597321855571525,0.2542324246771881,0.2550932568149213,-0.061740793878527156,-0.06001912960306083
common_fixed,all344,bge_vl_mllm_s1_retrieval_results_licensed_reranked,AP_range,0.28528097250420414,0.2865549665979657,0.2813085268021936,0.2829442780018983,-0.0052464397957721065,-0.002336694502305836
common_fixed,all344,bge_vl_mllm_s1_retrieval_results_licensed_reranked,P_range,0.18255813953488403,0.18488372093023286,0.18517441860465142,0.1875000000000002,0.0002906976744185552,0.00494186046511616
common_fixed,all344,bge_vl_mllm_s2_retrieval_results_licensed,AP10,0.2641579673874971,0.26419782072720693,0.21489457654486063,0.21489457654486063,-0.0493032441823463,-0.04926339084263645
common_fixed,all344,bge_vl_mllm_s2_retrieval_results_licensed,P10,0.26231468197034924,0.2623625059780011,0.21138211382113836,0.21138211382113836,-0.05098039215686273,-0.05093256814921088
common_fixed,all344,bge_vl_mllm_s2_retrieval_results_licensed,AP_range,0.2064224058217171,0.20660005440052842,0.2033169719761288,0.2033169719761288,-0.0032830824243996193,-0.0031054338455882846
common_fixed,all344,bge_vl_mllm_s2_retrieval_results_licensed,P_range,0.15029069767441894,0.15029069767441894,0.1590116279069771,0.1590116279069771,0.008720930232558155,0.008720930232558155
common_fixed,all344,metaclip2_retrieval_results_combined,AP10,0.16788793490898318,0.17085868508800695,0.1367117136677014,0.1393491612995695,-0.03414697142030554,-0.028538773609413676
common_fixed,all344,metaclip2_retrieval_results_combined,P10,0.20215208034433302,0.20588235294117657,0.16135820181731234,0.1646102343376375,-0.044524151123864236,-0.03754184600669552
common_fixed,all344,metaclip2_retrieval_results_combined,AP_range,0.1777584318072622,0.18371549109523236,0.16892484752837403,0.17423187451660258,-0.01479064356685833,-0.003526557290659621
common_fixed,all344,metaclip2_retrieval_results_combined,P_range,0.17034883720930258,0.1787790697674421,0.16250000000000028,0.17034883720930258,-0.01627906976744181,0.0
common_fixed,all344,metaclip2_retrieval_results_image_only,AP10,0.07829951492792243,0.08552863241050715,0.06403716598051448,0.07066865100451505,-0.021491466429992667,-0.00763086392340738
common_fixed,all344,metaclip2_retrieval_results_image_only,P10,0.11635581061692955,0.12611190817790516,0.09234815877570532,0.10071736011477755,-0.03376374940219984,-0.015638450502152
common_fixed,all344,metaclip2_retrieval_results_image_only,AP_range,0.0,0.007323684426397604,0.016303586168532877,0.023357202457856528,0.008979901742135272,0.023357202457856528
common_fixed,all344,metaclip2_retrieval_results_image_only,P_range,0.0,0.00988372093023256,0.023546511627906965,0.032848837209302297,0.013662790697674405,0.032848837209302297
common_fixed,all344,metaclip2_retrieval_results_text_only,AP10,0.1333331708925666,0.14329577434707697,0.10678465996455794,0.11604453020292732,-0.03651111438251903,-0.017288640689639284
common_fixed,all344,metaclip2_retrieval_results_text_only,P10,0.13778096604495454,0.14949784791965562,0.10980392156862741,0.12037302725968431,-0.03969392635102821,-0.017407938785270236
common_fixed,all344,metaclip2_retrieval_results_text_only,AP_range,0.21947826716280844,0.2431713709116292,0.19664356521032197,0.22000300109277135,-0.04652780570130721,0.0005247339299629117
common_fixed,all344,metaclip2_retrieval_results_text_only,P_range,0.18808139534883747,0.21715116279069777,0.16482558139534903,0.1915697674418607,-0.052325581395348736,0.0034883720930232176
common_fixed,all344,metaclip2_slerp_retrieval_results_licensed,AP10,0.16454191854399094,0.16795312192928966,0.13256621310071756,0.13559333783197106,-0.035386908828572095,-0.02894858071201989
common_fixed,all344,metaclip2_slerp_retrieval_results_licensed,P10,0.20707795313247257,0.2114299378287901,0.16513629842180774,0.16872309899569585,-0.04629363940698236,-0.03835485413677672
common_fixed,all344,metaclip2_slerp_retrieval_results_licensed,AP_range,0.1577859488433617,0.16528243688733035,0.15091240040913007,0.15676813848386037,-0.014370036478200288,-0.0010178103595013255
common_fixed,all344,metaclip2_slerp_retrieval_results_licensed,P_range,0.16162790697674437,0.17122093023255835,0.15552325581395368,0.16337209302325603,-0.015697674418604673,0.0017441860465116643
common_fixed,split121,bge_vl_mllm_s1_retrieval_results_licensed,AP10,0.2381032399321089,0.23814528197415094,0.19276202094952088,0.19297223115973106,-0.045383261024630056,-0.045131008772377856
common_fixed,split121,bge_vl_mllm_s1_retrieval_results_licensed,P10,0.2316216216216215,0.23189189189189177,0.16445945945945947,0.16472972972972977,-0.0674324324324323,-0.06689189189189174
common_fixed,split121,bge_vl_mllm_s1_retrieval_results_licensed,AP_range,0.20830487413820747,0.20856199075896048,0.28508166987333666,0.2863672529771016,0.07651967911437618,0.07806237883889411
common_fixed,split121,bge_vl_mllm_s1_retrieval_results_licensed,P_range,0.16528925619834706,0.1669421487603305,0.23471074380165302,0.2363636363636365,0.06776859504132252,0.07107438016528944
common_fixed,split121,bge_vl_mllm_s1_retrieval_results_licensed_reranked,AP10,0.278045299551252,0.27808734159329407,0.22947189706713517,0.22968210727734537,-0.0486154445261589,-0.04836319227390665
common_fixed,split121,bge_vl_mllm_s1_retrieval_results_licensed_reranked,P10,0.2625675675675676,0.2628378378378378,0.18662162162162158,0.18689189189189187,-0.07621621621621624,-0.07567567567567574
common_fixed,split121,bge_vl_mllm_s1_retrieval_results_licensed_reranked,AP_range,0.2779222458037394,0.27817936242449237,0.32406871877921656,0.32535430188298153,0.04588935635472419,0.04743205607924211
common_fixed,split121,bge_vl_mllm_s1_retrieval_results_licensed_reranked,P_range,0.19421487603305793,0.1958677685950414,0.24380165289256206,0.24545454545454554,0.04793388429752066,0.05123966942148761
common_fixed,split121,bge_vl_mllm_s2_retrieval_results_licensed,AP10,0.2087927274638584,0.2087927274638584,0.1698755245466555,0.1698755245466555,-0.03891720291720291,-0.03891720291720291
common_fixed,split121,bge_vl_mllm_s2_retrieval_results_licensed,P10,0.2237837837837837,0.2237837837837837,0.15567567567567564,0.15567567567567564,-0.06810810810810805,-0.06810810810810805
common_fixed,split121,bge_vl_mllm_s2_retrieval_results_licensed,AP_range,0.18324629384964877,0.18324629384964877,0.23681468883849838,0.23681468883849838,0.053568394988849605,0.053568394988849605
common_fixed,split121,bge_vl_mllm_s2_retrieval_results_licensed,P_range,0.143801652892562,0.143801652892562,0.20661157024793392,0.20661157024793392,0.06280991735537192,0.06280991735537192
common_fixed,split121,metaclip2_retrieval_results_combined,AP10,0.14356760416879463,0.14891294951413997,0.11971901855086377,0.12476981339332527,-0.029193930963276202,-0.018797790775469364
common_fixed,split121,metaclip2_retrieval_results_combined,P10,0.17310810810810806,0.17986486486486478,0.12364864864864866,0.1295945945945946,-0.056216216216216114,-0.04351351351351346
common_fixed,split121,metaclip2_retrieval_results_combined,AP_range,0.16775666112787319,0.17856787572696659,0.19089420540178118,0.20089045214045215,0.01232632967481459,0.03313379101257896
common_fixed,split121,metaclip2_retrieval_results_combined,P_range,0.1619834710743802,0.1785123966942149,0.18347107438016522,0.19999999999999996,0.004958677685950319,0.03801652892561977
common_fixed,split121,metaclip2_retrieval_results_image_only,AP10,0.07005170348920349,0.0768947965822966,0.05809184333142663,0.06436333804042134,-0.018802953250869968,-0.005688365448782151
common_fixed,split121,metaclip2_retrieval_results_image_only,P10,0.11351351351351355,0.1248648648648649,0.08121621621621623,0.09027027027027026,-0.04364864864864866,-0.023243243243243283
common_fixed,split121,metaclip2_retrieval_results_image_only,AP_range,0.0,0.006975053565962656,0.046350691255994295,0.05369660712463744,0.03937563769003164,0.05369660712463744
common_fixed,split121,metaclip2_retrieval_results_image_only,P_range,0.0,0.011570247933884297,0.06694214876033054,0.07851239669421482,0.055371900826446246,0.07851239669421482
common_fixed,split121,metaclip2_retrieval_results_text_only,AP10,0.10413022269718698,0.11358346314001078,0.08328464774298107,0.09178485479527146,-0.030298815397029707,-0.012345367901915524
common_fixed,split121,metaclip2_retrieval_results_text_only,P10,0.10527027027027026,0.11716216216216219,0.07432432432432436,0.08445945945945948,-0.04283783783783783,-0.02081081081081078
common_fixed,split121,metaclip2_retrieval_results_text_only,AP_range,0.18584795986040578,0.21286445416856678,0.18417041992799568,0.21059118420860848,-0.028694034240571098,0.024743224348202697
common_fixed,split121,metaclip2_retrieval_results_text_only,P_range,0.15867768595041318,0.19917355371900825,0.1479338842975206,0.18429752066115698,-0.05123966942148764,0.025619834710743805
common_fixed,split121,metaclip2_slerp_retrieval_results_licensed,AP10,0.1423260633082062,0.14789845117226072,0.11608330801039135,0.12141179125554126,-0.03181514316186937,-0.020914272052664953
common_fixed,split121,metaclip2_slerp_retrieval_results_licensed,P10,0.17905405405405403,0.1867567567567567,0.12783783783783784,0.13459459459459458,-0.05891891891891887,-0.04445945945945945
common_fixed,split121,metaclip2_slerp_retrieval_results_licensed,AP_range,0.1468672696351267,0.15904441628197033,0.1716137292841839,0.1820417832728439,0.012569313002213561,0.0351745136377172
common_fixed,split121,metaclip2_slerp_retrieval_results_licensed,P_range,0.15289256198347106,0.17024793388429754,0.18016528925619826,0.1950413223140495,0.009917355371900721,0.04214876033057843
common_fixed,other223,bge_vl_mllm_s1_retrieval_results_licensed,AP10,0.3358213928579355,0.3366406566601749,0.282307262763098,0.28312652656533743,-0.05433339389707692,-0.052694866292598064
common_fixed,other223,bge_vl_mllm_s1_retrieval_results_licensed,P10,0.3002220577350112,0.30140636565507045,0.2572168763878609,0.25840118430792014,-0.04418948926720956,-0.041820873427091065
common_fixed,other223,bge_vl_mllm_s1_retrieval_results_licensed,AP_range,0.24761302208144514,0.2498071284235335,0.21378682476976857,0.21598093111185696,-0.036020303653764935,-0.03163209096958819
common_fixed,other223,bge_vl_mllm_s1_retrieval_results_licensed,P_range,0.16547085201793732,0.16816143497757854,0.14170403587443958,0.14439461883408083,-0.026457399103138962,-0.021076233183856485
common_fixed,other223,bge_vl_mllm_s1_retrieval_results_licensed_reranked,AP10,0.38809023739029314,0.3889095011925325,0.3157818907506529,0.3166011545528922,-0.0731276104418796,-0.07148908283740091
common_fixed,other223,bge_vl_mllm_s1_retrieval_results_licensed_reranked,P10,0.34389341228719483,0.345077720207254,0.2912657290895635,0.2924500370096227,-0.05381199111769053,-0.051443375277572145
common_fixed,other223,bge_vl_mllm_s1_retrieval_results_licensed_reranked,AP_range,0.28927382421163117,0.2910995769342449,0.25810680828551325,0.2599325610081269,-0.03299276864873163,-0.029341263203504275
common_fixed,other223,bge_vl_mllm_s1_retrieval_results_licensed_reranked,P_range,0.17623318385650238,0.1789237668161436,0.15336322869955177,0.156053811659193,-0.02556053811659184,-0.020179372197309392
common_fixed,other223,bge_vl_mllm_s2_retrieval_results_licensed,AP10,0.29448385750111106,0.29454554020528084,0.23955342071856287,0.23955342071856287,-0.05499211948671798,-0.05493043678254819
common_fixed,other223,bge_vl_mllm_s2_retrieval_results_licensed,P10,0.28341968911917104,0.2834937083641747,0.2418948926720948,0.2418948926720948,-0.041598815692079905,-0.04152479644707624
common_fixed,other223,bge_vl_mllm_s2_retrieval_results_licensed,AP_range,0.2189977849635121,0.2192718258205126,0.18514108076381194,0.18514108076381194,-0.03413074505670066,-0.03385670419970016
common_fixed,other223,bge_vl_mllm_s2_retrieval_results_licensed,P_range,0.1538116591928252,0.1538116591928252,0.13318385650224224,0.13318385650224224,-0.020627802690582953,-0.020627802690582953
common_fixed,other223,metaclip2_retrieval_results_combined,AP10,0.18120921155423816,0.1828792952468977,0.1460193334948366,0.14733488850210147,-0.036859961752061104,-0.033874323052136696
common_fixed,other223,metaclip2_retrieval_results_combined,P10,0.218060695780903,0.2201332346410066,0.18201332346410065,0.18378978534418947,-0.03811991117690594,-0.03427091043671354
common_fixed,other223,metaclip2_retrieval_results_combined,AP_range,0.18318540154809645,0.18650859181074864,0.15700425424280334,0.15976690638886354,-0.029504337567945293,-0.023418495159232916
common_fixed,other223,metaclip2_retrieval_results_combined,P_range,0.17488789237668173,0.1789237668161436,0.15112107623318394,0.15426008968609872,-0.02780269058295967,-0.020627802690583008
common_fixed,other223,metaclip2_retrieval_results_image_only,AP10,0.08281719106756118,0.09025775048073345,0.06729367135455219,0.07412233834236055,-0.022964079126181258,-0.008694852725200625
common_fixed,other223,metaclip2_retrieval_results_image_only,P10,0.11791265729089553,0.12679496669133963,0.09844559585492224,0.1064396743153219,-0.028349370836417392,-0.011472982975573628
common_fixed,other223,metaclip2_retrieval_results_image_only,AP_range,0.0,0.007512851843943025,0.0,0.00689501427543281,-0.007512851843943025,0.00689501427543281
common_fixed,other223,metaclip2_retrieval_results_image_only,P_range,0.0,0.008968609865470852,0.0,0.008071748878923767,-0.008968609865470852,0.008071748878923767
common_fixed,other223,metaclip2_retrieval_results_text_only,AP10,0.14932886420461752,0.15957046738425607,0.1196566133649775,0.12933258334997785,-0.03991385401927856,-0.01999628085463967
common_fixed,other223,metaclip2_retrieval_results_text_only,P10,0.1555884529977794,0.1672094744633604,0.12923760177646182,0.14004441154700215,-0.03797187268689858,-0.015544041450777257
common_fixed,other223,metaclip2_retrieval_results_text_only,AP_range,0.23772610206680245,0.259615931117506,0.20341150502718938,0.22510986137520952,-0.056204426090316645,-0.012616240691592923
common_fixed,other223,metaclip2_retrieval_results_text_only,P_range,0.20403587443946197,0.22690582959641262,0.17399103139013455,0.19551569506726454,-0.05291479820627806,-0.008520179372197428
common_fixed,other223,metaclip2_slerp_retrieval_results_licensed,AP10,0.17671048469830664,0.17893791568221432,0.1415945993085942,0.143361172374205,-0.03734331637362012,-0.033349312324101626
common_fixed,other223,metaclip2_slerp_retrieval_results_licensed,P10,0.2224278312361213,0.22494448556624713,0.18556624722427825,0.18741672834937073,-0.03937823834196888,-0.03501110288675058
common_fixed,other223,metaclip2_slerp_retrieval_results_licensed,AP_range,0.16371043397428725,0.1686671924624359,0.13967984079531162,0.14305463615441194,-0.028987351667124267,-0.02065579781987531
common_fixed,other223,metaclip2_slerp_retrieval_results_licensed,P_range,0.16636771300448444,0.17174887892376692,0.14215246636771306,0.14618834080717502,-0.029596412556053858,-0.02017937219730942
